165508,信诚深度价值混合
165511,信诚中证500指数
165512,信诚新机遇混合
165316,建信有色金属分级
165315,建信网金融分级
165310,建信双利分级
165312,建信央视财经50指数分级
165313,建信优势动力混合
165515,信诚沪深300指数分级
165516,信诚周期轮动混合
165707,诺德深证300指数分级
165806,东吴深证100指数增强
166001,中欧新趋势混合
165526,信诚新旺混合
165525,信诚中证基建工程指数分级
165522,信诚中证TMT产业主题指数分级
165523,信诚中证信息安全指数分级
165309,建信沪深300指数
164908,交银中证环境治理指数分级
163503,天治核心成长混合
163808,中银中证100指数增强
163821,中银沪深300等权重指数
163415,兴全商业模式优选混合
163412,兴全轻资产混合
163407,兴全沪深300指数
163409,兴全绿色投资混合
164304,新华中证环保产业指数分级
164402,前海开源中航军工指数分级
164818,工银中证传媒指数分级
164905,交银国证新能源指数分级
164907,交银中证互联网金融指数分级
164811,工银深证100指数分级
164809,工银中证500指数
164403,前海开源农业分级
164508,国富中证100指数增强分级
166006,中欧行业成长混合
166007,中欧沪深300指数增强
217001,招商安泰混合
217016,招商深证100指数
217017,招商上证消费80ETF联接
